{
  "project_info": {
    "project_number": "419070783595",
    "firebase_url": "https://the-rudhir-app-default-rtdb.firebaseio.com",
    "project_id": "the-rudhir-app",
    "storage_bucket": "the-rudhir-app.appspot.com"
  },
  "client": [
    {
      "client_info": {
        "mobilesdk_app_id": "1:419070783595:android:347156b73b5cb155efc12e",
        "android_client_info": {
          "package_name": "com.majorproject.therudhirapp"
        }
      },
      "oauth_client": [
        {
          "client_id": "419070783595-scjfhc5aj17g47ud3u4arpk5cu1kklng.apps.googleusercontent.com",
          "client_type": 1,
          "android_info": {
            "package_name": "com.majorproject.therudhirapp",
            "certificate_hash": "7b212866c77d04bc2c52de986ee060b7cc8be799"
          }
        },
        {
          "client_id": "419070783595-mqd0v33rgj76fod863e1kc6pofuhmttp.apps.googleusercontent.com",
          "client_type": 3
        }
      ],
      "api_key": [
        {
          "current_key": "AIzaSyBHOUZNGqXJElhg5LGoamOceEua5i5qCd0"
        }
      ],
      "services": {
        "appinvite_service": {
          "other_platform_oauth_client": [
            {
              "client_id": "419070783595-mqd0v33rgj76fod863e1kc6pofuhmttp.apps.googleusercontent.com",
              "client_type": 3
            }
          ]
        }
      }
    }
  ],
  "configuration_version": "1"
}